<?xml version="1.0" encoding="UTF-8"?>
   <application id="Application_ID" xmlns="http://java.sun.com/xml/ns/javaee" xmlns:xsi="http://www.w3.org/2001/XMLSchema-instance" xsi:schemaLocation="http://java.sun.com/xml/ns/javaee http://java.sun.com/xml/ns/javaee/application_6.xsd" version="6">
      <display-name>IVT Application</display-name>
      <description>IVT EAR file containing one WAR for verification purposes</description>
      <module id="WebModule_1">
         <web>
            <web-uri>ivt_app.war</web-uri>
            <context-root>/ivt</context-root>
         </web>
      </module>
      <module id="EjbModule_1">
         <ejb>ivtEJB.jar</ejb>
      </module>
      <security-role id="SecurityRole_1">
         <description>All Authenticated users in the enterprise.</description>
         <role-name>All Role</role-name>
      </security-role>
      <security-role id="SecurityRole_2">
         <description>Everyone in the enterprise.</description>
         <role-name>Everyone Role</role-name>
      </security-role>
      <security-role id="SecurityRole_3">
         <description>Deny all access role</description>
         <role-name>DenyAllRole</role-name>
      </security-role>
   </application>
