<?xml version="1.0" encoding="UTF-8" standalone="yes"?>
<wsp:Policy
	xmlns:wshttp="http://www.ibm.com/xmlns/prod/websphere/200609/ws-httpTransport"
	xmlns:wsp="http://schemas.xmlsoap.org/ws/2004/09/policy">
	<!-- Do not edit this file. -->
	<wsp:ExactlyOne>
		<wsp:All>
			<wshttp:outRequestBasicAuth>
                                <wshttp:basicAuth userid="" password=""></wshttp:basicAuth>
			</wshttp:outRequestBasicAuth>
			<wshttp:outAsyncResponseBasicAuth> 
                                <wshttp:basicAuth userid="" password=""></wshttp:basicAuth>
            </wshttp:outAsyncResponseBasicAuth>
			<wshttp:outRequestProxy>
                                <wshttp:connectInfo host="" port=""></wshttp:connectInfo>
                                <wshttp:basicAuth userid="" password=""></wshttp:basicAuth>
			</wshttp:outRequestProxy>
			<wshttp:outAsyncResponseProxy>
								<wshttp:connectInfo host="" port=""></wshttp:connectInfo>
                                <wshttp:basicAuth userid="" password=""></wshttp:basicAuth>
			</wshttp:outAsyncResponseProxy>
		</wsp:All>
	</wsp:ExactlyOne>
</wsp:Policy>


