<?xml version="1.0" encoding="UTF-8"?><web-app id="WebApp_ID" metadata-complete="false" version="3.0" xmlns="http://java.sun.com/xml/ns/javaee" xmlns:xsi="http://www.w3.org/2001/XMLSchema-instance" xsi:schemaLocation="http://java.sun.com/xml/ns/javaee http://java.sun.com/xml/ns/javaee/web-app_3_0.xsd">
    <servlet>
        <description>ivt servlet</description>
        <servlet-name>ivtservlet</servlet-name>
        <servlet-class>ivtServlet</servlet-class>
    </servlet>
    <servlet>
        <description>ivt ejb</description>
        <servlet-name>ivtejb</servlet-name>
        <servlet-class>ivtEJBClient</servlet-class>
    </servlet>
    <servlet>
        <description>ivt server</description>
        <servlet-name>ivtserver</servlet-name>
        <servlet-class>ivtServer</servlet-class>
    </servlet>
    <servlet-mapping>
        <servlet-name>ivtservlet</servlet-name>
        <url-pattern>ivtservlet</url-pattern>
    </servlet-mapping>
    <servlet-mapping>
        <servlet-name>ivtejb</servlet-name>
        <url-pattern>ivtejb</url-pattern>
    </servlet-mapping>
    <servlet-mapping>
        <servlet-name>ivtserver</servlet-name>
        <url-pattern>ivtserver</url-pattern>
    </servlet-mapping>
    <ejb-local-ref>
        <ejb-ref-name>ivtEJBObject</ejb-ref-name>
        <ejb-ref-type>Session</ejb-ref-type>
        <local>com.ibm.websphere.ivt.ivtEJB.ivtEJBObject</local>
    </ejb-local-ref>
</web-app>