<?xml version="1.0" encoding="UTF-8"?><ejb-jar id="ejb-jar_ID" version="3.1" xmlns="http://java.sun.com/xml/ns/javaee" xmlns:xsi="http://www.w3.org/2001/XMLSchema-instance" xsi:schemaLocation="http://java.sun.com/xml/ns/javaee http://java.sun.com/xml/ns/javaee/ejb-jar_3_1.xsd">
    <display-name>ivtEJB</display-name>
    <enterprise-beans>
        <session>
            <ejb-name>ivtEJBObject</ejb-name>
            <business-local>com.ibm.websphere.ivt.ivtEJB.ivtEJBObject</business-local>
            <ejb-class>com.ibm.websphere.ivt.ivtEJB.ivtEJBSession</ejb-class>
            <session-type>Stateful</session-type>
            <remove-method retain-if-exception="false">
                <bean-method>
                    <method-name>remove</method-name>
                    <method-params/>
                </bean-method>
            </remove-method>
            <concurrency-management-type>Container</concurrency-management-type>
        </session>
    </enterprise-beans>
    <assembly-descriptor>
        <container-transaction>
            <method>
                <ejb-name>ivtEJBObject</ejb-name>
                <method-name>removeItem</method-name>
                <method-params>
                    <method-param>java.lang.String</method-param>
                </method-params>
            </method>
            <method>
                <ejb-name>ivtEJBObject</ejb-name>
                <method-name>getContents</method-name>
                <method-params/>
            </method>
            <method>
                <ejb-name>ivtEJBObject</ejb-name>
                <method-name>remove</method-name>
                <method-params/>
            </method>
            <method>
                <ejb-name>ivtEJBObject</ejb-name>
                <method-name>addItem</method-name>
                <method-params>
                    <method-param>java.lang.String</method-param>
                </method-params>
            </method>
            <trans-attribute>Never</trans-attribute>
        </container-transaction>
    </assembly-descriptor>
</ejb-jar>