<?xml version="1.0" encoding="UTF-8"?>
<appdeployment:Deployment xmi:version="2.0" xmlns:xmi="http://www.omg.org/XMI" xmlns:appdeployment="http://www.ibm.com/websphere/appserver/schemas/5.0/appdeployment.xmi" xmi:id="Deployment_1191342738906">
  <deployedObject xmi:type="appdeployment:ApplicationDeployment" xmi:id="ApplicationDeployment_1191342738906" deploymentId="0" startingWeight="1" binariesURL="$(WAS_INSTALL_ROOT)/systemApps/WebSphereWSDM.ear" useMetadataFromBinaries="false" enableDistribution="false" createMBeansForResources="true" reloadEnabled="false" appContextIDForSecurity="href:f709c6145c52Node02Cell/WebSphereWSDM" zeroEarCopy="true" filePermission=".*\.dll=755#.*\.so=755#.*\.a=755#.*\.sl=755" allowDispatchRemoteInclude="false" allowServiceRemoteInclude="false" asyncRequestDispatchType="DISABLED">
    <targetMappings xmi:id="DeploymentTargetMapping_1191342738906" enable="false" target="ServerTarget_1191342738906"/>
    <classloader xmi:id="Classloader_1191342738906" mode="PARENT_FIRST"/>
    <modules xmi:type="appdeployment:WebModuleDeployment" xmi:id="WebModuleDeployment_1191342738906" deploymentId="1" startingWeight="10000" uri="WebSphereWSDM.war">
      <targetMappings xmi:id="DeploymentTargetMapping_1191342738907" target="ServerTarget_1191342738906"/>
    </modules>
    <properties xmi:id="Property_1213634127109" name="metadata.complete" value="true"/>
  </deployedObject>
  <deploymentTargets xmi:type="appdeployment:ServerTarget" xmi:id="ServerTarget_1191342738906" name="server1" nodeName="f709c6145c52Node02"/>
</appdeployment:Deployment>
