<?xml version="1.0" encoding="UTF-8"?>
<xmi:XMI xmi:version="2.0" xmlns:xmi="http://www.omg.org/XMI" xmlns:resources="http://www.ibm.com/websphere/appserver/schemas/5.0/resources.xmi" xmlns:resources.j2c="http://www.ibm.com/websphere/appserver/schemas/5.0/resources.j2c.xmi" xmlns:resources.jms="http://www.ibm.com/websphere/appserver/schemas/5.0/resources.jms.xmi" xmlns:resources.mail="http://www.ibm.com/websphere/appserver/schemas/5.0/resources.mail.xmi" xmlns:resources.url="http://www.ibm.com/websphere/appserver/schemas/5.0/resources.url.xmi">
  <resources.jms:JMSProvider xmi:id="builtin_mqprovider" name="WebSphere MQ JMS Provider" description="WebSphere MQ Messaging Provider" externalInitialContextFactory="" externalProviderURL=""/>
  <resources.j2c:J2CResourceAdapter xmi:id="builtin_rra" name="WebSphere Relational Resource Adapter" description="Built-in Relational Resource Adapter for WebSphere Persistence" archivePath="${WAS_LIBS_DIR}/rsadapter.rar">
    <classpath>${WAS_LIBS_DIR}/rsadapter.rar</classpath>
    <propertySet xmi:id="J2EEResourcePropertySet_8"/>
    <deploymentDescriptor xmi:id="Connector_1054132487569" displayName="WS_RdbResourceAdapter" vendorName="IBM" specVersion="1.5" eisType="RRA" version="6.0">
      <icons xmi:id="IconType_1054132487569" smallIcon="rdb_small_icon.jpg" largeIcon="rdb_large_icon.jpg"/>
      <displayNames xmi:id="DisplayName_1669747810799" value="WS_RdbResourceAdapter"/>
      <displayNames xmi:id="DisplayName_1054132487569" value="WS_RdbResourceAdapter"/>
      <descriptions xmi:id="Description_1054132487569" value="IBM Relational ResourceAdapter"/>
      <license xmi:id="License_1054132487569" required="false">
        <descriptions xmi:id="Description_1054132487570" value="IBM Relational ResourceAdapter"/>
      </license>
      <resourceAdapter xmi:id="ResourceAdapter_1054132487569" transactionSupport="NoTransaction" reauthenticationSupport="false" resourceAdapterClass="com.ibm.ws.rsadapter.spi.WSResourceAdapterImpl">
        <outboundResourceAdapter xmi:id="OutboundResourceAdapter_1054132487569" reauthenticationSupport="false" transactionSupport="XATransaction">
          <connectionDefinitions xmi:id="ConnectionDefinition_1054132487569" managedConnectionFactoryClass="com.ibm.ws.rsadapter.spi.WSManagedConnectionFactoryImpl" connectionFactoryInterface="javax.resource.cci.ConnectionFactory" connectionFactoryImplClass="com.ibm.ws.rsadapter.cci.WSRdbConnectionFactoryImpl" connectionInterface="javax.resource.cci.Connection" connectionImplClass="com.ibm.ws.rsadapter.cci.WSRdbConnectionImpl">
            <configProperties xmi:id="ConfigProperty_1054132487569" name="ConnectionFactoryType" type="java.lang.Integer" value="2">
              <descriptions xmi:id="Description_1054132487571" value="A constant indicating the type of connection factory: WSJdbcDataSource (1) or WSRdbConnectionFactory (2)"/>
            </configProperties>
          </connectionDefinitions>
          <authenticationMechanisms xmi:id="AuthenticationMechanism_1054132487589" authenticationMechanismType="BasicPassword" credentialInterface="javax.resource.spi.security.PasswordCredential">
            <descriptions xmi:id="Description_1054132487590" value="BasicPassword authentication"/>
          </authenticationMechanisms>
          <authenticationMechanisms xmi:id="AuthenticationMechanism_1054132487590" authenticationMechanismType="Kerbv5" credentialInterface="javax.resource.spi.security.GenericCredential">
            <descriptions xmi:id="Description_1054132487591" value="Kerbv5 Authentication"/>
          </authenticationMechanisms>
        </outboundResourceAdapter>
      </resourceAdapter>
    </deploymentDescriptor>
    <connectionDefTemplateProps xmi:id="ConnectionDefTemplateProps_1054132487589" ConnectionDefinition="ConnectionDefinition_1054132487569"/>
  </resources.j2c:J2CResourceAdapter>
  <resources.mail:MailProvider xmi:id="builtin_mailprovider" name="Built-in Mail Provider" description="The built-in mail provider">
    <protocolProviders xmi:id="builtin_smtp" protocol="smtp" classname="com.sun.mail.smtp.SMTPTransport" type="TRANSPORT"/>
    <protocolProviders xmi:id="builtin_pop3" protocol="pop3" classname="com.sun.mail.pop3.POP3Store" type="STORE"/>
    <protocolProviders xmi:id="builtin_imap" protocol="imap" classname="com.sun.mail.imap.IMAPStore" type="STORE"/>
    <protocolProviders xmi:id="builtin_smtps" protocol="smtps" classname="com.sun.mail.smtp.SMTPSSLTransport" type="TRANSPORT"/>
    <protocolProviders xmi:id="builtin_pop3s" protocol="pop3s" classname="com.sun.mail.pop3.POP3SSLStore" type="STORE"/>
    <protocolProviders xmi:id="builtin_imaps" protocol="imaps" classname="com.sun.mail.imap.IMAPSSLStore" type="STORE"/>
  </resources.mail:MailProvider>
  <resources.url:URLProvider xmi:id="URLProvider_1" name="Default URL Provider" streamHandlerClassName="unused" protocol="unused"/>
  <resources:JavaEEDefaultResources xmi:id="builtin_JavaEEDefaultResources" defaultDataSource="" defaultManagedExecutor="" defaultManagedScheduledExecutor="" defaultContextService="" defaultManagedThreadFactory="" defaultJMSConnectionFactory=""/>
  <resources.j2c:J2CResourceAdapter xmi:id="J2CResourceAdapter_1669747810799" name="SIB JMS Resource Adapter" description="Default messaging provider" archivePath="${WAS_INSTALL_ROOT}/installedConnectors/sib.api.jmsra.rar" threadPoolAlias="SIBJMSRAThreadPool">
    <classpath>${WAS_INSTALL_ROOT}/installedConnectors/sib.api.jmsra.rar</classpath>
    <propertySet xmi:id="J2EEResourcePropertySet_1669747810799"/>
    <deploymentDescriptor xmi:id="Connector_1669747810799" displayName="WebSphere Default Messaging Provider" vendorName="IBM" specVersion="1.5" eisType="JMS Provider" version="0.3">
      <displayNames xmi:id="DisplayName_1669747810800" value="WebSphere Default Messaging Provider"/>
      <displayNames xmi:id="DisplayName_1669747810801" value="WebSphere Default Messaging Provider"/>
      <resourceAdapter xmi:id="ResourceAdapter_1669747810799" transactionSupport="NoTransaction" reauthenticationSupport="false" resourceAdapterClass="com.ibm.ws.sib.api.jmsra.impl.JmsJcaResourceAdapterImpl">
        <outboundResourceAdapter xmi:id="OutboundResourceAdapter_1669747810799" reauthenticationSupport="false" transactionSupport="XATransaction">
          <connectionDefinitions xmi:id="ConnectionDefinition_1669747810799" managedConnectionFactoryClass="com.ibm.ws.sib.api.jmsra.impl.JmsJcaManagedQueueConnectionFactoryImpl" connectionFactoryInterface="javax.jms.QueueConnectionFactory" connectionFactoryImplClass="com.ibm.ws.sib.api.jms.impl.JmsQueueConnFactoryImpl" connectionInterface="javax.jms.QueueConnection" connectionImplClass="com.ibm.ws.sib.api.jms.impl.JmsQueueConnectionImpl">
            <configProperties xmi:id="ConfigProperty_1669747810799" name="BusName" type="java.lang.String"/>
            <configProperties xmi:id="ConfigProperty_1669747810800" name="ClientID" type="java.lang.String"/>
            <configProperties xmi:id="ConfigProperty_1669747810801" name="UserName" type="java.lang.String"/>
            <configProperties xmi:id="ConfigProperty_1669747810802" name="Password" type="java.lang.String"/>
            <configProperties xmi:id="ConfigProperty_1669747810803" name="NonPersistentMapping" type="java.lang.String" value="ExpressNonPersistent"/>
            <configProperties xmi:id="ConfigProperty_1669747810804" name="PersistentMapping" type="java.lang.String" value="ReliablePersistent"/>
            <configProperties xmi:id="ConfigProperty_1669747810805" name="ReadAhead" type="java.lang.String" value="Default"/>
            <configProperties xmi:id="ConfigProperty_1669747810806" name="Target" type="java.lang.String"/>
            <configProperties xmi:id="ConfigProperty_1669747810807" name="TargetType" type="java.lang.String" value="BusMember"/>
            <configProperties xmi:id="ConfigProperty_1669747810808" name="TargetSignificance" type="java.lang.String" value="Preferred"/>
            <configProperties xmi:id="ConfigProperty_1669747810809" name="RemoteProtocol" type="java.lang.String"/>
            <configProperties xmi:id="ConfigProperty_1669747810810" name="TargetTransportChain" type="java.lang.String"/>
            <configProperties xmi:id="ConfigProperty_1669747810811" name="ProviderEndpoints" type="java.lang.String"/>
            <configProperties xmi:id="ConfigProperty_1669747810812" name="ConnectionProximity" type="java.lang.String" value="Bus"/>
            <configProperties xmi:id="ConfigProperty_1669747810813" name="TemporaryQueueNamePrefix" type="java.lang.String"/>
            <configProperties xmi:id="ConfigProperty_1669747810814" name="ShareDataSourceWithCMP" type="java.lang.Boolean" value="false"/>
            <configProperties xmi:id="ConfigProperty_1669747810815" name="ProducerDoesNotModifyPayloadAfterSet" type="java.lang.String" value="false"/>
            <configProperties xmi:id="ConfigProperty_1669747810816" name="ConsumerDoesNotModifyPayloadAfterGet" type="java.lang.String" value="false"/>
          </connectionDefinitions>
          <connectionDefinitions xmi:id="ConnectionDefinition_1669747810800" managedConnectionFactoryClass="com.ibm.ws.sib.api.jmsra.impl.JmsJcaManagedTopicConnectionFactoryImpl" connectionFactoryInterface="javax.jms.TopicConnectionFactory" connectionFactoryImplClass="com.ibm.ws.sib.api.jms.impl.JmsTopicConnFactoryImpl" connectionInterface="javax.jms.TopicConnection" connectionImplClass="com.ibm.ws.sib.api.jms.impl.JmsTopicConnectionImpl">
            <configProperties xmi:id="ConfigProperty_1669747810817" name="BusName" type="java.lang.String"/>
            <configProperties xmi:id="ConfigProperty_1669747810818" name="ClientID" type="java.lang.String"/>
            <configProperties xmi:id="ConfigProperty_1669747810819" name="UserName" type="java.lang.String"/>
            <configProperties xmi:id="ConfigProperty_1669747810820" name="Password" type="java.lang.String"/>
            <configProperties xmi:id="ConfigProperty_1669747810821" name="NonPersistentMapping" type="java.lang.String" value="ExpressNonPersistent"/>
            <configProperties xmi:id="ConfigProperty_1669747810822" name="PersistentMapping" type="java.lang.String" value="ReliablePersistent"/>
            <configProperties xmi:id="ConfigProperty_1669747810823" name="DurableSubscriptionHome" type="java.lang.String"/>
            <configProperties xmi:id="ConfigProperty_1669747810824" name="ReadAhead" type="java.lang.String" value="Default"/>
            <configProperties xmi:id="ConfigProperty_1669747810825" name="Target" type="java.lang.String"/>
            <configProperties xmi:id="ConfigProperty_1669747810826" name="TargetType" type="java.lang.String" value="BusMember"/>
            <configProperties xmi:id="ConfigProperty_1669747810827" name="TargetSignificance" type="java.lang.String" value="Preferred"/>
            <configProperties xmi:id="ConfigProperty_1669747810828" name="RemoteProtocol" type="java.lang.String"/>
            <configProperties xmi:id="ConfigProperty_1669747810829" name="TargetTransportChain" type="java.lang.String"/>
            <configProperties xmi:id="ConfigProperty_1669747810830" name="ProviderEndpoints" type="java.lang.String"/>
            <configProperties xmi:id="ConfigProperty_1669747810831" name="ConnectionProximity" type="java.lang.String" value="Bus"/>
            <configProperties xmi:id="ConfigProperty_1669747810832" name="TemporaryTopicNamePrefix" type="java.lang.String"/>
            <configProperties xmi:id="ConfigProperty_1669747810833" name="ShareDataSourceWithCMP" type="java.lang.Boolean" value="false"/>
            <configProperties xmi:id="ConfigProperty_1669747810834" name="ShareDurableSubscriptions" type="java.lang.String" value="InCluster"/>
            <configProperties xmi:id="ConfigProperty_1669747810835" name="ProducerDoesNotModifyPayloadAfterSet" type="java.lang.String" value="false"/>
            <configProperties xmi:id="ConfigProperty_1669747810836" name="ConsumerDoesNotModifyPayloadAfterGet" type="java.lang.String" value="false"/>
          </connectionDefinitions>
          <connectionDefinitions xmi:id="ConnectionDefinition_1669747810801" managedConnectionFactoryClass="com.ibm.ws.sib.api.jmsra.impl.JmsJcaManagedConnectionFactoryImpl" connectionFactoryInterface="javax.jms.ConnectionFactory" connectionFactoryImplClass="com.ibm.ws.sib.api.jms.impl.JmsConnFactoryImpl" connectionInterface="javax.jms.Connection" connectionImplClass="com.ibm.ws.sib.api.jms.impl.JmsConnectionImpl">
            <configProperties xmi:id="ConfigProperty_1669747810837" name="BusName" type="java.lang.String"/>
            <configProperties xmi:id="ConfigProperty_1669747810838" name="ClientID" type="java.lang.String"/>
            <configProperties xmi:id="ConfigProperty_1669747810839" name="UserName" type="java.lang.String"/>
            <configProperties xmi:id="ConfigProperty_1669747810840" name="Password" type="java.lang.String"/>
            <configProperties xmi:id="ConfigProperty_1669747810841" name="NonPersistentMapping" type="java.lang.String" value="ExpressNonPersistent"/>
            <configProperties xmi:id="ConfigProperty_1669747810842" name="PersistentMapping" type="java.lang.String" value="ReliablePersistent"/>
            <configProperties xmi:id="ConfigProperty_1669747810843" name="DurableSubscriptionHome" type="java.lang.String"/>
            <configProperties xmi:id="ConfigProperty_1669747810844" name="ReadAhead" type="java.lang.String" value="Default"/>
            <configProperties xmi:id="ConfigProperty_1669747810845" name="Target" type="java.lang.String"/>
            <configProperties xmi:id="ConfigProperty_1669747810846" name="TargetType" type="java.lang.String" value="BusMember"/>
            <configProperties xmi:id="ConfigProperty_1669747810847" name="TargetSignificance" type="java.lang.String" value="Preferred"/>
            <configProperties xmi:id="ConfigProperty_1669747810848" name="RemoteProtocol" type="java.lang.String"/>
            <configProperties xmi:id="ConfigProperty_1669747810849" name="TargetTransportChain" type="java.lang.String"/>
            <configProperties xmi:id="ConfigProperty_1669747810850" name="ProviderEndpoints" type="java.lang.String"/>
            <configProperties xmi:id="ConfigProperty_1669747810851" name="ConnectionProximity" type="java.lang.String" value="Bus"/>
            <configProperties xmi:id="ConfigProperty_1669747810852" name="TemporaryQueueNamePrefix" type="java.lang.String"/>
            <configProperties xmi:id="ConfigProperty_1669747810853" name="TemporaryTopicNamePrefix" type="java.lang.String"/>
            <configProperties xmi:id="ConfigProperty_1669747810854" name="ShareDataSourceWithCMP" type="java.lang.Boolean" value="false"/>
            <configProperties xmi:id="ConfigProperty_1669747810855" name="ShareDurableSubscriptions" type="java.lang.String" value="InCluster"/>
            <configProperties xmi:id="ConfigProperty_1669747810856" name="ProducerDoesNotModifyPayloadAfterSet" type="java.lang.String" value="false"/>
            <configProperties xmi:id="ConfigProperty_1669747810857" name="ConsumerDoesNotModifyPayloadAfterGet" type="java.lang.String" value="false"/>
          </connectionDefinitions>
          <authenticationMechanisms xmi:id="AuthenticationMechanism_1669747810800" authenticationMechanismType="BasicPassword" credentialInterface="javax.resource.spi.security.PasswordCredential"/>
        </outboundResourceAdapter>
        <inboundResourceAdapter xmi:id="InboundResourceAdapter_1669747810800">
          <messageAdapter xmi:id="MessageAdapter_1669747810800">
            <messageListeners xmi:id="MessageListener_1669747810800" messageListenerType="javax.jms.MessageListener">
              <activationSpec xmi:id="ActivationSpec_1669747810800" activationSpecClass="com.ibm.ws.sib.api.jmsra.impl.JmsJcaActivationSpecImpl">
                <requiredConfigProperties xmi:id="RequiredConfigPropertyType_1669747810800" name="destination"/>
                <requiredConfigProperties xmi:id="RequiredConfigPropertyType_1669747810801" name="destinationType"/>
                <requiredConfigProperties xmi:id="RequiredConfigPropertyType_1669747810802" name="busName"/>
              </activationSpec>
            </messageListeners>
          </messageAdapter>
        </inboundResourceAdapter>
        <adminObjects xmi:id="AdminObject_1669747810800" adminObjectInterface="javax.jms.Queue" adminObjectClass="com.ibm.ws.sib.api.jms.impl.JmsQueueImpl">
          <configProperties xmi:id="ConfigProperty_1669747810858" name="QueueName" type="java.lang.String"/>
          <configProperties xmi:id="ConfigProperty_1669747810859" name="DeliveryMode" type="java.lang.String" value="Application"/>
          <configProperties xmi:id="ConfigProperty_1669747810860" name="TimeToLive" type="java.lang.Long"/>
          <configProperties xmi:id="ConfigProperty_1669747810861" name="Priority" type="java.lang.Integer"/>
          <configProperties xmi:id="ConfigProperty_1669747810862" name="ReadAhead" type="java.lang.String" value="AsConnection"/>
          <configProperties xmi:id="ConfigProperty_1669747810863" name="BusName" type="java.lang.String"/>
        </adminObjects>
        <adminObjects xmi:id="AdminObject_1669747810801" adminObjectInterface="javax.jms.Topic" adminObjectClass="com.ibm.ws.sib.api.jms.impl.JmsTopicImpl">
          <configProperties xmi:id="ConfigProperty_1669747810864" name="TopicSpace" type="java.lang.String" value="Default.Topic.Space"/>
          <configProperties xmi:id="ConfigProperty_1669747810865" name="TopicName" type="java.lang.String"/>
          <configProperties xmi:id="ConfigProperty_1669747810866" name="DeliveryMode" type="java.lang.String" value="Application"/>
          <configProperties xmi:id="ConfigProperty_1669747810867" name="TimeToLive" type="java.lang.Long"/>
          <configProperties xmi:id="ConfigProperty_1669747810868" name="Priority" type="java.lang.Integer"/>
          <configProperties xmi:id="ConfigProperty_1669747810869" name="ReadAhead" type="java.lang.String" value="AsConnection"/>
          <configProperties xmi:id="ConfigProperty_1669747810870" name="BusName" type="java.lang.String"/>
        </adminObjects>
      </resourceAdapter>
    </deploymentDescriptor>
    <connectionDefTemplateProps xmi:id="ConnectionDefTemplateProps_1669747810801" ConnectionDefinition="ConnectionDefinition_1669747810799">
      <resourceProperties xmi:id="J2EEResourceProperty_1669747810801" name="BusName" type="java.lang.String" required="false"/>
      <resourceProperties xmi:id="J2EEResourceProperty_1669747810802" name="ClientID" type="java.lang.String" required="false"/>
      <resourceProperties xmi:id="J2EEResourceProperty_1669747810803" name="ConnectionProximity" type="java.lang.String" value="Bus" required="false"/>
      <resourceProperties xmi:id="J2EEResourceProperty_1669747810804" name="durableSubscriptionHome" type="java.lang.String" required="false"/>
      <resourceProperties xmi:id="J2EEResourceProperty_1669747810805" name="NonPersistentMapping" type="java.lang.String" value="ExpressNonPersistent" required="false"/>
      <resourceProperties xmi:id="J2EEResourceProperty_1669747810806" name="Password" type="java.lang.String" required="false"/>
      <resourceProperties xmi:id="J2EEResourceProperty_1669747810807" name="PersistentMapping" type="java.lang.String" value="ReliablePersistent" required="false"/>
      <resourceProperties xmi:id="J2EEResourceProperty_1669747810808" name="ProviderEndpoints" type="java.lang.String" required="false"/>
      <resourceProperties xmi:id="J2EEResourceProperty_1669747810809" name="ReadAhead" type="java.lang.String" value="Default" required="false"/>
      <resourceProperties xmi:id="J2EEResourceProperty_1669747810810" name="RemoteProtocol" type="java.lang.String" required="false"/>
      <resourceProperties xmi:id="J2EEResourceProperty_1669747810811" name="TargetTransportChain" type="java.lang.String" required="false"/>
      <resourceProperties xmi:id="J2EEResourceProperty_1669747810812" name="ShareDataSourceWithCMP" type="java.lang.Boolean" value="false" required="false"/>
      <resourceProperties xmi:id="J2EEResourceProperty_1669747810813" name="shareDurableSubscriptions" type="java.lang.String" value="AsCluster" required="false"/>
      <resourceProperties xmi:id="J2EEResourceProperty_1669747810814" name="Target" type="java.lang.String" required="false"/>
      <resourceProperties xmi:id="J2EEResourceProperty_1669747810815" name="TargetSignificance" type="java.lang.String" value="Preferred" required="false"/>
      <resourceProperties xmi:id="J2EEResourceProperty_1669747810816" name="TargetType" type="java.lang.String" value="BusMember" required="false"/>
      <resourceProperties xmi:id="J2EEResourceProperty_1669747810817" name="TemporaryQueueNamePrefix" type="java.lang.String" required="false"/>
      <resourceProperties xmi:id="J2EEResourceProperty_1669747810818" name="temporaryTopicNamePrefix" type="java.lang.String" required="false"/>
      <resourceProperties xmi:id="J2EEResourceProperty_1669747810819" name="UserName" type="java.lang.String" required="false"/>
      <resourceProperties xmi:id="J2EEResourceProperty_1669747810820" name="ProducerDoesNotModifyPayloadAfterSet" type="java.lang.String" required="false"/>
      <resourceProperties xmi:id="J2EEResourceProperty_1669747810821" name="ConsumerDoesNotModifyPayloadAfterGet" type="java.lang.String" required="false"/>
    </connectionDefTemplateProps>
    <connectionDefTemplateProps xmi:id="ConnectionDefTemplateProps_1669747810802" ConnectionDefinition="ConnectionDefinition_1669747810800">
      <resourceProperties xmi:id="J2EEResourceProperty_1669747810822" name="BusName" type="java.lang.String" required="false"/>
      <resourceProperties xmi:id="J2EEResourceProperty_1669747810823" name="ClientID" type="java.lang.String" required="false"/>
      <resourceProperties xmi:id="J2EEResourceProperty_1669747810824" name="ConnectionProximity" type="java.lang.String" value="Bus" required="false"/>
      <resourceProperties xmi:id="J2EEResourceProperty_1669747810825" name="DurableSubscriptionHome" type="java.lang.String" required="false"/>
      <resourceProperties xmi:id="J2EEResourceProperty_1669747810826" name="NonPersistentMapping" type="java.lang.String" value="ExpressNonPersistent" required="false"/>
      <resourceProperties xmi:id="J2EEResourceProperty_1669747810827" name="Password" type="java.lang.String" required="false"/>
      <resourceProperties xmi:id="J2EEResourceProperty_1669747810828" name="PersistentMapping" type="java.lang.String" value="ReliablePersistent" required="false"/>
      <resourceProperties xmi:id="J2EEResourceProperty_1669747810829" name="ProviderEndpoints" type="java.lang.String" required="false"/>
      <resourceProperties xmi:id="J2EEResourceProperty_1669747810830" name="ReadAhead" type="java.lang.String" value="Default" required="false"/>
      <resourceProperties xmi:id="J2EEResourceProperty_1669747810831" name="RemoteProtocol" type="java.lang.String" required="false"/>
      <resourceProperties xmi:id="J2EEResourceProperty_1669747810832" name="TargetTransportChain" type="java.lang.String" required="false"/>
      <resourceProperties xmi:id="J2EEResourceProperty_1669747810833" name="ShareDataSourceWithCMP" type="java.lang.Boolean" value="false" required="false"/>
      <resourceProperties xmi:id="J2EEResourceProperty_1669747810834" name="ShareDurableSubscriptions" type="java.lang.String" value="InCluster" required="false"/>
      <resourceProperties xmi:id="J2EEResourceProperty_1669747810835" name="Target" type="java.lang.String" required="false"/>
      <resourceProperties xmi:id="J2EEResourceProperty_1669747810836" name="TargetSignificance" type="java.lang.String" value="Preferred" required="false"/>
      <resourceProperties xmi:id="J2EEResourceProperty_1669747810837" name="TargetType" type="java.lang.String" value="BusMember" required="false"/>
      <resourceProperties xmi:id="J2EEResourceProperty_1669747810838" name="temporaryQueueNamePrefix" type="java.lang.String" required="false"/>
      <resourceProperties xmi:id="J2EEResourceProperty_1669747810839" name="TemporaryTopicNamePrefix" type="java.lang.String" required="false"/>
      <resourceProperties xmi:id="J2EEResourceProperty_1669747810840" name="UserName" type="java.lang.String" required="false"/>
      <resourceProperties xmi:id="J2EEResourceProperty_1669747810841" name="ProducerDoesNotModifyPayloadAfterSet" type="java.lang.String" required="false"/>
      <resourceProperties xmi:id="J2EEResourceProperty_1669747810842" name="ConsumerDoesNotModifyPayloadAfterGet" type="java.lang.String" required="false"/>
    </connectionDefTemplateProps>
    <connectionDefTemplateProps xmi:id="ConnectionDefTemplateProps_1669747810803" ConnectionDefinition="ConnectionDefinition_1669747810801">
      <resourceProperties xmi:id="J2EEResourceProperty_1669747810843" name="BusName" type="java.lang.String" required="false"/>
      <resourceProperties xmi:id="J2EEResourceProperty_1669747810844" name="ClientID" type="java.lang.String" required="false"/>
      <resourceProperties xmi:id="J2EEResourceProperty_1669747810845" name="ConnectionProximity" type="java.lang.String" value="Bus" required="false"/>
      <resourceProperties xmi:id="J2EEResourceProperty_1669747810846" name="DurableSubscriptionHome" type="java.lang.String" required="false"/>
      <resourceProperties xmi:id="J2EEResourceProperty_1669747810847" name="NonPersistentMapping" type="java.lang.String" value="ExpressNonPersistent" required="false"/>
      <resourceProperties xmi:id="J2EEResourceProperty_1669747810848" name="Password" type="java.lang.String" required="false"/>
      <resourceProperties xmi:id="J2EEResourceProperty_1669747810849" name="PersistentMapping" type="java.lang.String" value="ReliablePersistent" required="false"/>
      <resourceProperties xmi:id="J2EEResourceProperty_1669747810850" name="ProviderEndpoints" type="java.lang.String" required="false"/>
      <resourceProperties xmi:id="J2EEResourceProperty_1669747810851" name="ReadAhead" type="java.lang.String" value="Default" required="false"/>
      <resourceProperties xmi:id="J2EEResourceProperty_1669747810852" name="RemoteProtocol" type="java.lang.String" required="false"/>
      <resourceProperties xmi:id="J2EEResourceProperty_1669747810853" name="TargetTransportChain" type="java.lang.String" required="false"/>
      <resourceProperties xmi:id="J2EEResourceProperty_1669747810854" name="ShareDataSourceWithCMP" type="java.lang.Boolean" value="false" required="false"/>
      <resourceProperties xmi:id="J2EEResourceProperty_1669747810855" name="ShareDurableSubscriptions" type="java.lang.String" value="InCluster" required="false"/>
      <resourceProperties xmi:id="J2EEResourceProperty_1669747810856" name="Target" type="java.lang.String" required="false"/>
      <resourceProperties xmi:id="J2EEResourceProperty_1669747810857" name="TargetSignificance" type="java.lang.String" value="Preferred" required="false"/>
      <resourceProperties xmi:id="J2EEResourceProperty_1669747810858" name="TargetType" type="java.lang.String" value="BusMember" required="false"/>
      <resourceProperties xmi:id="J2EEResourceProperty_1669747810859" name="TemporaryQueueNamePrefix" type="java.lang.String" required="false"/>
      <resourceProperties xmi:id="J2EEResourceProperty_1669747810860" name="TemporaryTopicNamePrefix" type="java.lang.String" required="false"/>
      <resourceProperties xmi:id="J2EEResourceProperty_1669747810861" name="UserName" type="java.lang.String" required="false"/>
      <resourceProperties xmi:id="J2EEResourceProperty_1669747810862" name="ProducerDoesNotModifyPayloadAfterSet" type="java.lang.String" required="false"/>
      <resourceProperties xmi:id="J2EEResourceProperty_1669747810863" name="ConsumerDoesNotModifyPayloadAfterGet" type="java.lang.String" required="false"/>
    </connectionDefTemplateProps>
    <activationSpecTemplateProps xmi:id="ActivationSpecTemplateProps_1669747810802" activationSpec="ActivationSpec_1669747810800">
      <resourceProperties xmi:id="J2EEResourceProperty_1669747810864" name="acknowledgeMode" type="java.lang.String" value="Auto-acknowledge" required="false"/>
      <resourceProperties xmi:id="J2EEResourceProperty_1669747810865" name="alwaysActivateAllMDBs" type="java.lang.Boolean" value="false" required="false"/>
      <resourceProperties xmi:id="J2EEResourceProperty_1669747810866" name="AutoStopSequentialMessageFailure" type="java.lang.Integer" value="0" required="false"/>
      <resourceProperties xmi:id="J2EEResourceProperty_1669747810867" name="busName" type="java.lang.String" required="false"/>
      <resourceProperties xmi:id="J2EEResourceProperty_1669747810868" name="clientId" type="java.lang.String" required="false"/>
      <resourceProperties xmi:id="J2EEResourceProperty_1669747810869" name="destination" type="javax.jms.Destination" required="false"/>
      <resourceProperties xmi:id="J2EEResourceProperty_1669747810870" name="destinationType" type="java.lang.String" required="true"/>
      <resourceProperties xmi:id="J2EEResourceProperty_1669747810871" name="durableSubscriptionHome" type="java.lang.String" required="false"/>
      <resourceProperties xmi:id="J2EEResourceProperty_1669747810872" name="failingMessageDelay" type="java.lang.Long" value="0" required="false"/>
      <resourceProperties xmi:id="J2EEResourceProperty_1669747810873" name="maxBatchSize" type="java.lang.Integer" value="1" required="false"/>
      <resourceProperties xmi:id="J2EEResourceProperty_1669747810874" name="maxConcurrency" type="java.lang.Integer" value="10" required="false"/>
      <resourceProperties xmi:id="J2EEResourceProperty_1669747810875" name="maxSequentialMessageFailure" type="java.lang.Integer" value="-1" required="false"/>
      <resourceProperties xmi:id="J2EEResourceProperty_1669747810876" name="messageSelector" type="java.lang.String" required="false"/>
      <resourceProperties xmi:id="J2EEResourceProperty_1669747810877" name="password" type="java.lang.String" required="false"/>
      <resourceProperties xmi:id="J2EEResourceProperty_1669747810878" name="providerEndpoints" type="java.lang.String" required="false"/>
      <resourceProperties xmi:id="J2EEResourceProperty_1669747810879" name="readAhead" type="java.lang.String" value="Default" required="false"/>
      <resourceProperties xmi:id="J2EEResourceProperty_1669747810880" name="retryInterval" type="java.lang.Integer" value="30" required="false"/>
      <resourceProperties xmi:id="J2EEResourceProperty_1669747810881" name="shareDataSourceWithCMP" type="java.lang.Boolean" value="false" required="false"/>
      <resourceProperties xmi:id="J2EEResourceProperty_1669747810882" name="shareDurableSubscriptions" type="java.lang.String" value="InCluster" required="false"/>
      <resourceProperties xmi:id="J2EEResourceProperty_1669747810883" name="subscriptionDurability" type="java.lang.String" value="NonDurable" required="false"/>
      <resourceProperties xmi:id="J2EEResourceProperty_1669747810884" name="subscriptionName" type="java.lang.String" required="false"/>
      <resourceProperties xmi:id="J2EEResourceProperty_1669747810885" name="target" type="java.lang.String" required="false"/>
      <resourceProperties xmi:id="J2EEResourceProperty_1669747810886" name="targetSignificance" type="java.lang.String" required="false"/>
      <resourceProperties xmi:id="J2EEResourceProperty_1669747810887" name="targetTransportChain" type="java.lang.String" required="false"/>
      <resourceProperties xmi:id="J2EEResourceProperty_1669747810888" name="targetType" type="java.lang.String" required="false"/>
      <resourceProperties xmi:id="J2EEResourceProperty_1669747810889" name="userName" type="java.lang.String" required="false"/>
      <resourceProperties xmi:id="J2EEResourceProperty_1669747810890" name="ConsumerDoesNotModifyPayloadAfterGet" type="java.lang.String" required="false"/>
      <resourceProperties xmi:id="J2EEResourceProperty_1669747810891" name="ForwarderDoesNotModifyPayloadAfterSet" type="java.lang.String" required="false"/>
      <resourceProperties xmi:id="J2EEResourceProperty_1669747810892" name="useServerSubject" type="java.lang.Boolean" required="false"/>
      <resourceProperties xmi:id="J2EEResourceProperty_1669747810893" name="connectionFactoryLookup" type="java.lang.String" required="false"/>
      <resourceProperties xmi:id="J2EEResourceProperty_1669747810894" name="destinationLookup" type="java.lang.String" required="false"/>
      <complexPropertySet xmi:id="J2EEResourcePropertySet_1669747810802">
        <resourceProperties xmi:id="J2EEResourceProperty_1669747810895" name="destination" type="javax.jms.Destination" required="false"/>
      </complexPropertySet>
    </activationSpecTemplateProps>
    <adminObjectTemplateProps xmi:id="AdminObjectTemplateProps_1669747810802" adminObject="AdminObject_1669747810800">
      <properties xmi:id="J2EEResourceProperty_1669747810896" name="BusName" type="java.lang.String" required="false"/>
      <properties xmi:id="J2EEResourceProperty_1669747810897" name="DeliveryMode" type="java.lang.String" value="Application" required="false"/>
      <properties xmi:id="J2EEResourceProperty_1669747810898" name="forwardRoutingPath" type="[Ljava.lang.String;" required="false"/>
      <properties xmi:id="J2EEResourceProperty_1669747810899" name="Priority" type="java.lang.Integer" required="false"/>
      <properties xmi:id="J2EEResourceProperty_1669747810900" name="QueueName" type="java.lang.String" required="false"/>
      <properties xmi:id="J2EEResourceProperty_1669747810901" name="ReadAhead" type="java.lang.String" value="AsConnection" required="false"/>
      <properties xmi:id="J2EEResourceProperty_1669747810902" name="reverseRoutingPath" type="[Ljava.lang.String;" required="false"/>
      <properties xmi:id="J2EEResourceProperty_1669747810903" name="TimeToLive" type="java.lang.Long" required="false"/>
    </adminObjectTemplateProps>
    <adminObjectTemplateProps xmi:id="AdminObjectTemplateProps_1669747810803" adminObject="AdminObject_1669747810801">
      <properties xmi:id="J2EEResourceProperty_1669747810904" name="BusName" type="java.lang.String" required="false"/>
      <properties xmi:id="J2EEResourceProperty_1669747810905" name="DeliveryMode" type="java.lang.String" value="Application" required="false"/>
      <properties xmi:id="J2EEResourceProperty_1669747810906" name="forwardRoutingPath" type="[Ljava.lang.String;" required="false"/>
      <properties xmi:id="J2EEResourceProperty_1669747810907" name="Priority" type="java.lang.Integer" required="false"/>
      <properties xmi:id="J2EEResourceProperty_1669747810908" name="ReadAhead" type="java.lang.String" value="AsConnection" required="false"/>
      <properties xmi:id="J2EEResourceProperty_1669747810909" name="reverseRoutingPath" type="[Ljava.lang.String;" required="false"/>
      <properties xmi:id="J2EEResourceProperty_1669747810910" name="TimeToLive" type="java.lang.Long" required="false"/>
      <properties xmi:id="J2EEResourceProperty_1669747810911" name="TopicName" type="java.lang.String" required="false"/>
      <properties xmi:id="J2EEResourceProperty_1669747810912" name="TopicSpace" type="java.lang.String" value="Default.Topic.Space" required="false"/>
    </adminObjectTemplateProps>
  </resources.j2c:J2CResourceAdapter>
  <resources.j2c:J2CResourceAdapter xmi:id="J2CResourceAdapter_1669747811014" name="WebSphere MQ Resource Adapter" description="WAS Built In WebSphere MQ Resource Adapter" isolatedClassLoader="false" archivePath="${WAS_INSTALL_ROOT}/installedConnectors/wmq.jmsra.rar" threadPoolAlias="WMQJCAResourceAdapter" singleton="false" hACapability="RA_NO_HA" isEnableHASupport="false">
    <classpath>${WAS_INSTALL_ROOT}/installedConnectors/wmq.jmsra.rar</classpath>
    <propertySet xmi:id="J2EEResourcePropertySet_1669747811015">
      <resourceProperties xmi:id="J2EEResourceProperty_1669747811015" name="supportMQExtensions" type="boolean" value="true" description="supportMQExtensions" required="false"/>
      <resourceProperties xmi:id="J2EEResourceProperty_1669747811016" name="connectionConcurrency" type="int" value="1" description="connectionConcurrency" required="false"/>
      <resourceProperties xmi:id="J2EEResourceProperty_1669747811017" name="maxConnections" type="int" value="50" description="maxConnections" required="false"/>
      <resourceProperties xmi:id="J2EEResourceProperty_1669747811018" name="logWriterEnabled" type="boolean" value="true" description="logWriterEnabled" required="false"/>
      <resourceProperties xmi:id="J2EEResourceProperty_1669747811019" name="reconnectionRetryCount" type="int" value="5" description="reconnectionRetryCount" required="false"/>
      <resourceProperties xmi:id="J2EEResourceProperty_1669747811020" name="reconnectionRetryInterval" type="int" value="300000" description="reconnectionRetryInterval" required="false"/>
      <resourceProperties xmi:id="J2EEResourceProperty_1669747811021" name="startupRetryCount" type="int" value="0" description="startupRetryCount" required="false"/>
      <resourceProperties xmi:id="J2EEResourceProperty_1669747811022" name="startupRetryInterval" type="int" value="30000" description="startupRetryInterval" required="false"/>
      <resourceProperties xmi:id="J2EEResourceProperty_1669747811023" name="traceEnabled" type="boolean" value="false" description="traceEnabled" required="false"/>
      <resourceProperties xmi:id="J2EEResourceProperty_1669747811024" name="traceLevel" type="int" value="3" description="traceLevel" required="false"/>
    </propertySet>
    <deploymentDescriptor xmi:id="Connector_1669747811015" displayName="IBM MQ Resource Adapter" vendorName="International Business Machines Corporation (&quot;IBM&quot;)." specVersion="1.7" eisType="Java Message Service" version="9.1.0.11-p910-011-220316">
      <displayNames xmi:id="DisplayName_1669747811015" value="IBM MQ Resource Adapter"/>
      <license xmi:id="License_1669747811015" required="true">
        <descriptions xmi:id="Description_1669747811015" value="&#xA;&#x9;&#x9;&#x9;This software is licensed under the IBM International&#xA;&#x9;&#x9;&#x9;Program License Agreement (&quot;IPLA&quot;). For licence information,&#xA;&#x9;&#x9;&#x9;see the IBM MQ Licence Information (&quot;LI&quot;) available at&#xA;&#x9;&#x9;&#x9;http://www.ibm.com/software/sla/. The LI may also be found&#xA;&#x9;&#x9;&#x9;in a file in the IBM MQ installation directory.&#xA;&#x9;&#x9;"/>
      </license>
      <resourceAdapter xmi:id="ResourceAdapter_1669747811015" transactionSupport="XATransaction" reauthenticationSupport="false" resourceAdapterClass="com.ibm.mq.connector.ResourceAdapterImpl">
        <securityPermissions xmi:id="SecurityPermission_1669747811015" description="Security Permissions for the JMS client" specification="&#xA;&#x9;&#x9;&#x9;&#x9;grant { &#xA;&#x9;&#x9;&#x9;&#x9;&#x9;permission java.security.AllPermission; &#xA;&#x9;&#x9;&#x9;&#x9;};&#xA;&#x9;&#x9;&#x9;"/>
        <configProperties xmi:id="ConfigProperty_1669747811015" description="supportMQExtensions" name="supportMQExtensions" type="java.lang.Boolean"/>
        <configProperties xmi:id="ConfigProperty_1669747811016" description="connectionConcurrency" name="connectionConcurrency" type="java.lang.Integer"/>
        <configProperties xmi:id="ConfigProperty_1669747811017" description="maxConnections" name="maxConnections" type="java.lang.Integer"/>
        <configProperties xmi:id="ConfigProperty_1669747811018" description="logWriterEnabled" name="logWriterEnabled" type="java.lang.Boolean"/>
        <configProperties xmi:id="ConfigProperty_1669747811019" description="reconnectionRetryCount" name="reconnectionRetryCount" type="java.lang.Integer"/>
        <configProperties xmi:id="ConfigProperty_1669747811020" description="reconnectionRetryInterval" name="reconnectionRetryInterval" type="java.lang.Integer"/>
        <configProperties xmi:id="ConfigProperty_1669747811021" description="startupRetryCount" name="startupRetryCount" type="java.lang.Integer"/>
        <configProperties xmi:id="ConfigProperty_1669747811022" description="startupRetryInterval" name="startupRetryInterval" type="java.lang.Integer"/>
        <configProperties xmi:id="ConfigProperty_1669747811023" description="traceEnabled" name="traceEnabled" type="java.lang.Boolean"/>
        <configProperties xmi:id="ConfigProperty_1669747811024" description="traceLevel" name="traceLevel" type="java.lang.Integer"/>
        <inboundResourceAdapter xmi:id="InboundResourceAdapter_1669747811015">
          <messageAdapter xmi:id="MessageAdapter_1669747811015">
            <messageListeners xmi:id="MessageListener_1669747811015" messageListenerType="javax.jms.MessageListener">
              <activationSpec xmi:id="ActivationSpec_1669747811015" activationSpecClass="com.ibm.mq.connector.inbound.ActivationSpecImpl">
                <requiredConfigProperties xmi:id="RequiredConfigPropertyType_1669747811015" name="destination"/>
                <requiredConfigProperties xmi:id="RequiredConfigPropertyType_1669747811016" name="destinationType"/>
              </activationSpec>
            </messageListeners>
          </messageAdapter>
        </inboundResourceAdapter>
      </resourceAdapter>
    </deploymentDescriptor>
    <activationSpecTemplateProps xmi:id="ActivationSpecTemplateProps_1669747811015" activationSpec="ActivationSpec_1669747811015">
      <resourceProperties xmi:id="J2EEResourceProperty_1669747811025" name="CCSID" type="int" value="819" description="CCSID" required="false"/>
      <resourceProperties xmi:id="J2EEResourceProperty_1669747811026" name="acknowledgeMode" type="int" value="1" description="acknowledgeMode" required="false"/>
      <resourceProperties xmi:id="J2EEResourceProperty_1669747811027" name="applicationName" type="java.lang.String" description="applicationName" required="false"/>
      <resourceProperties xmi:id="J2EEResourceProperty_1669747811028" name="arbitraryProperties" type="java.lang.String" description="arbitraryProperties" required="false"/>
      <resourceProperties xmi:id="J2EEResourceProperty_1669747811029" name="brokerCCDurSubQueue" type="java.lang.String" value="SYSTEM.JMS.D.CC.SUBSCRIBER.QUEUE" description="brokerCCDurSubQueue" required="false"/>
      <resourceProperties xmi:id="J2EEResourceProperty_1669747811030" name="brokerCCSubQueue" type="java.lang.String" value="SYSTEM.JMS.ND.CC.SUBSCRIBER.QUEUE" description="brokerCCSubQueue" required="false"/>
      <resourceProperties xmi:id="J2EEResourceProperty_1669747811031" name="brokerControlQueue" type="java.lang.String" value="SYSTEM.BROKER.CONTROL.QUEUE" description="brokerControlQueue" required="false"/>
      <resourceProperties xmi:id="J2EEResourceProperty_1669747811032" name="brokerPubQueue" type="java.lang.String" value="SYSTEM.BROKER.DEFAULT.STREAM" description="brokerPubQueue" required="false"/>
      <resourceProperties xmi:id="J2EEResourceProperty_1669747811033" name="brokerQueueManager" type="java.lang.String" description="brokerQueueManager" required="false"/>
      <resourceProperties xmi:id="J2EEResourceProperty_1669747811034" name="brokerSubQueue" type="java.lang.String" value="SYSTEM.JMS.ND.SUBSCRIBER.QUEUE" description="brokerSubQueue" required="false"/>
      <resourceProperties xmi:id="J2EEResourceProperty_1669747811035" name="brokerVersion" type="java.lang.String" value="1" description="brokerVersion" required="false"/>
      <resourceProperties xmi:id="J2EEResourceProperty_1669747811036" name="ccdtURL" type="java.lang.String" description="ccdtURL" required="false"/>
      <resourceProperties xmi:id="J2EEResourceProperty_1669747811037" name="channel" type="java.lang.String" value="SYSTEM.DEF.SVRCONN" description="channel" required="false"/>
      <resourceProperties xmi:id="J2EEResourceProperty_1669747811038" name="cleanupInterval" type="long" value="3600000" description="cleanupInterval" required="false"/>
      <resourceProperties xmi:id="J2EEResourceProperty_1669747811039" name="cleanupLevel" type="java.lang.String" value="SAFE" description="cleanupLevel" required="false"/>
      <resourceProperties xmi:id="J2EEResourceProperty_1669747811040" name="clientID" type="java.lang.String" description="clientID" required="false"/>
      <resourceProperties xmi:id="J2EEResourceProperty_1669747811041" name="clientId" type="java.lang.String" description="clientId" required="false"/>
      <resourceProperties xmi:id="J2EEResourceProperty_1669747811042" name="cloneSupport" type="java.lang.String" value="DISABLED" description="cloneSupport" required="false"/>
      <resourceProperties xmi:id="J2EEResourceProperty_1669747811043" name="connectionFactoryLookup" type="java.lang.String" description="connectionFactoryLookup" required="false"/>
      <resourceProperties xmi:id="J2EEResourceProperty_1669747811044" name="connectionNameList" type="java.lang.String" value="localhost(1414)" description="connectionNameList" required="false"/>
      <resourceProperties xmi:id="J2EEResourceProperty_1669747811045" name="destination" type="java.lang.String" value="SYSTEM.DEFAULT.LOCAL.QUEUE" description="destination" required="true"/>
      <resourceProperties xmi:id="J2EEResourceProperty_1669747811046" name="destinationLookup" type="java.lang.String" description="destinationLookup" required="false"/>
      <resourceProperties xmi:id="J2EEResourceProperty_1669747811047" name="destinationType" type="java.lang.String" value="javax.jms.Queue" description="destinationType" required="true"/>
      <resourceProperties xmi:id="J2EEResourceProperty_1669747811048" name="failIfQuiesce" type="boolean" value="true" description="failIfQuiesce" required="false"/>
      <resourceProperties xmi:id="J2EEResourceProperty_1669747811049" name="headerCompression" type="java.lang.String" value="NONE" description="headerCompression" required="false"/>
      <resourceProperties xmi:id="J2EEResourceProperty_1669747811050" name="hostName" type="java.lang.String" value="localhost" description="hostName" required="false"/>
      <resourceProperties xmi:id="J2EEResourceProperty_1669747811051" name="localAddress" type="java.lang.String" description="localAddress" required="false"/>
      <resourceProperties xmi:id="J2EEResourceProperty_1669747811052" name="maxMessages" type="int" value="1" description="maxMessages" required="false"/>
      <resourceProperties xmi:id="J2EEResourceProperty_1669747811053" name="maxPoolDepth" type="int" value="10" description="maxPoolDepth" required="false"/>
      <resourceProperties xmi:id="J2EEResourceProperty_1669747811054" name="messageBatchSize" type="int" value="10" description="messageBatchSize" required="false"/>
      <resourceProperties xmi:id="J2EEResourceProperty_1669747811055" name="messageCompression" type="java.lang.String" value="NONE" description="messageCompression" required="false"/>
      <resourceProperties xmi:id="J2EEResourceProperty_1669747811056" name="messageRetention" type="java.lang.String" value="YES" description="messageRetention" required="false"/>
      <resourceProperties xmi:id="J2EEResourceProperty_1669747811057" name="messageSelection" type="java.lang.String" value="CLIENT" description="messageSelection" required="false"/>
      <resourceProperties xmi:id="J2EEResourceProperty_1669747811058" name="messageSelector" type="java.lang.String" description="messageSelector" required="false"/>
      <resourceProperties xmi:id="J2EEResourceProperty_1669747811059" name="nonASFRollbackEnabled" type="boolean" value="false" description="nonASFRollbackEnabled" required="false"/>
      <resourceProperties xmi:id="J2EEResourceProperty_1669747811060" name="nonASFTimeout" type="int" value="0" description="nonASFTimeout" required="false"/>
      <resourceProperties xmi:id="J2EEResourceProperty_1669747811061" name="password" type="java.lang.String" description="password" required="false"/>
      <resourceProperties xmi:id="J2EEResourceProperty_1669747811062" name="pollingInterval" type="int" value="5000" description="pollingInterval" required="false"/>
      <resourceProperties xmi:id="J2EEResourceProperty_1669747811063" name="poolTimeout" type="int" value="300000" description="poolTimeout" required="false"/>
      <resourceProperties xmi:id="J2EEResourceProperty_1669747811064" name="port" type="int" value="1414" description="port" required="false"/>
      <resourceProperties xmi:id="J2EEResourceProperty_1669747811065" name="providerVersion" type="java.lang.String" value="UNSPECIFIED" description="providerVersion" required="false"/>
      <resourceProperties xmi:id="J2EEResourceProperty_1669747811066" name="queueManager" type="java.lang.String" description="queueManager" required="false"/>
      <resourceProperties xmi:id="J2EEResourceProperty_1669747811067" name="readAheadAllowed" type="java.lang.String" value="DESTINATION" description="readAheadAllowed" required="false"/>
      <resourceProperties xmi:id="J2EEResourceProperty_1669747811068" name="readAheadClosePolicy" type="java.lang.String" value="ALL" description="readAheadClosePolicy" required="false"/>
      <resourceProperties xmi:id="J2EEResourceProperty_1669747811069" name="receiveCCSID" type="int" value="1208" description="receiveCCSID" required="false"/>
      <resourceProperties xmi:id="J2EEResourceProperty_1669747811070" name="receiveConversion" type="java.lang.String" value="CLIENT_MSG" description="receiveConversion" required="false"/>
      <resourceProperties xmi:id="J2EEResourceProperty_1669747811071" name="receiveExit" type="java.lang.String" description="receiveExit" required="false"/>
      <resourceProperties xmi:id="J2EEResourceProperty_1669747811072" name="receiveExitInit" type="java.lang.String" description="receiveExitInit" required="false"/>
      <resourceProperties xmi:id="J2EEResourceProperty_1669747811073" name="rescanInterval" type="int" value="5000" description="rescanInterval" required="false"/>
      <resourceProperties xmi:id="J2EEResourceProperty_1669747811074" name="securityExit" type="java.lang.String" description="securityExit" required="false"/>
      <resourceProperties xmi:id="J2EEResourceProperty_1669747811075" name="securityExitInit" type="java.lang.String" description="securityExitInit" required="false"/>
      <resourceProperties xmi:id="J2EEResourceProperty_1669747811076" name="sendExit" type="java.lang.String" description="sendExit" required="false"/>
      <resourceProperties xmi:id="J2EEResourceProperty_1669747811077" name="sendExitInit" type="java.lang.String" description="sendExitInit" required="false"/>
      <resourceProperties xmi:id="J2EEResourceProperty_1669747811078" name="shareConvAllowed" type="java.lang.String" value="YES" description="shareConvAllowed" required="false"/>
      <resourceProperties xmi:id="J2EEResourceProperty_1669747811079" name="sharedSubscription" type="boolean" value="false" description="sharedSubscription" required="false"/>
      <resourceProperties xmi:id="J2EEResourceProperty_1669747811080" name="sparseSubscriptions" type="java.lang.String" value="FALSE" description="sparseSubscriptions" required="false"/>
      <resourceProperties xmi:id="J2EEResourceProperty_1669747811081" name="sslCertStores" type="java.lang.String" description="sslCertStores" required="false"/>
      <resourceProperties xmi:id="J2EEResourceProperty_1669747811082" name="sslCipherSuite" type="java.lang.String" description="sslCipherSuite" required="false"/>
      <resourceProperties xmi:id="J2EEResourceProperty_1669747811083" name="sslFipsRequired" type="boolean" value="false" description="sslFipsRequired" required="false"/>
      <resourceProperties xmi:id="J2EEResourceProperty_1669747811084" name="sslPeerName" type="java.lang.String" description="sslPeerName" required="false"/>
      <resourceProperties xmi:id="J2EEResourceProperty_1669747811085" name="sslResetCount" type="int" value="0" description="sslResetCount" required="false"/>
      <resourceProperties xmi:id="J2EEResourceProperty_1669747811086" name="sslSocketFactory" type="java.lang.String" description="sslSocketFactory" required="false"/>
      <resourceProperties xmi:id="J2EEResourceProperty_1669747811087" name="startTimeout" type="int" value="10000" description="startTimeout" required="false"/>
      <resourceProperties xmi:id="J2EEResourceProperty_1669747811088" name="statusRefreshInterval" type="int" value="60000" description="statusRefreshInterval" required="false"/>
      <resourceProperties xmi:id="J2EEResourceProperty_1669747811089" name="subscriptionDurability" type="java.lang.String" value="NonDurable" description="subscriptionDurability" required="false"/>
      <resourceProperties xmi:id="J2EEResourceProperty_1669747811090" name="subscriptionName" type="java.lang.String" description="subscriptionName" required="false"/>
      <resourceProperties xmi:id="J2EEResourceProperty_1669747811091" name="subscriptionStore" type="java.lang.String" value="MIGRATE" description="subscriptionStore" required="false"/>
      <resourceProperties xmi:id="J2EEResourceProperty_1669747811092" name="targetClientMatching" type="boolean" value="true" description="targetClientMatching" required="false"/>
      <resourceProperties xmi:id="J2EEResourceProperty_1669747811093" name="transportType" type="java.lang.String" value="CLIENT" description="transportType" required="false"/>
      <resourceProperties xmi:id="J2EEResourceProperty_1669747811094" name="useJNDI" type="boolean" value="false" description="useJNDI" required="false"/>
      <resourceProperties xmi:id="J2EEResourceProperty_1669747811095" name="userName" type="java.lang.String" description="userName" required="false"/>
      <resourceProperties xmi:id="J2EEResourceProperty_1669747811096" name="username" type="java.lang.String" description="username" required="false"/>
      <resourceProperties xmi:id="J2EEResourceProperty_1669747811097" name="wildcardFormat" type="java.lang.String" value="TOPIC" description="wildcardFormat" required="false"/>
    </activationSpecTemplateProps>
  </resources.j2c:J2CResourceAdapter>
</xmi:XMI>
