<?xml version="1.0" encoding="UTF-8"?>
<serverindex:ServerIndex xmi:version="2.0" xmlns:xmi="http://www.omg.org/XMI" xmlns:serverindex="http://www.ibm.com/websphere/appserver/schemas/5.0/serverindex.xmi" xmi:id="ServerIndex_1" hostName="f709c6145c52">
  <serverEntries xmi:id="ServerEntry_1183122129640" serverName="server1" serverType="APPLICATION_SERVER">
    <deployedApplications>isclite.ear/deployments/isclite</deployedApplications>
    <deployedApplications>DefaultApplication.ear/deployments/DefaultApplication</deployedApplications>
    <deployedApplications>ivtApp.ear/deployments/ivtApp</deployedApplications>
    <deployedApplications>query.ear/deployments/query</deployedApplications>
    <deployedApplications>ibmasyncrsp.ear/deployments/ibmasyncrsp</deployedApplications>
    <deployedApplications>WebSphereWSDM.ear/deployments/WebSphereWSDM</deployedApplications>
    <deployedApplications>RESTAPIDocs.ear/deployments/RESTAPIDocs</deployedApplications>
    <deployedApplications>SwaggerUI.ear/deployments/SwaggerUI</deployedApplications>
    <specialEndpoints xmi:id="NamedEndPoint_1183122129640" endPointName="BOOTSTRAP_ADDRESS">
      <endPoint xmi:id="EndPoint_1183122129640" host="f709c6145c52" port="2811"/>
    </specialEndpoints>
    <specialEndpoints xmi:id="NamedEndPoint_1183122129641" endPointName="SOAP_CONNECTOR_ADDRESS">
      <endPoint xmi:id="EndPoint_1183122129641" host="f709c6145c52" port="8882"/>
    </specialEndpoints>
    <specialEndpoints xmi:id="NamedEndPoint_1183122129642" endPointName="ORB_LISTENER_ADDRESS">
      <endPoint xmi:id="EndPoint_1183122129642" host="f709c6145c52" port="9102"/>
    </specialEndpoints>
    <specialEndpoints xmi:id="NamedEndPoint_1183122129643" endPointName="SAS_SSL_SERVERAUTH_LISTENER_ADDRESS">
      <endPoint xmi:id="EndPoint_1183122129643" host="f709c6145c52" port="9409"/>
    </specialEndpoints>
    <specialEndpoints xmi:id="NamedEndPoint_1183122129644" endPointName="CSIV2_SSL_SERVERAUTH_LISTENER_ADDRESS">
      <endPoint xmi:id="EndPoint_1183122129644" host="f709c6145c52" port="9408"/>
    </specialEndpoints>
    <specialEndpoints xmi:id="NamedEndPoint_1183122129645" endPointName="CSIV2_SSL_MUTUALAUTH_LISTENER_ADDRESS">
      <endPoint xmi:id="EndPoint_1183122129645" host="f709c6145c52" port="9407"/>
    </specialEndpoints>
    <specialEndpoints xmi:id="NamedEndPoint_1183122129646" endPointName="WC_adminhost">
      <endPoint xmi:id="EndPoint_1183122129646" host="*" port="9062"/>
    </specialEndpoints>
    <specialEndpoints xmi:id="NamedEndPoint_1183122129647" endPointName="WC_defaulthost">
      <endPoint xmi:id="EndPoint_1183122129647" host="*" port="9082"/>
    </specialEndpoints>
    <specialEndpoints xmi:id="NamedEndPoint_1183122129648" endPointName="DCS_UNICAST_ADDRESS">
      <endPoint xmi:id="EndPoint_1183122129648" host="*" port="9355"/>
    </specialEndpoints>
    <specialEndpoints xmi:id="NamedEndPoint_1183122129649" endPointName="WC_adminhost_secure">
      <endPoint xmi:id="EndPoint_1183122129649" host="*" port="9045"/>
    </specialEndpoints>
    <specialEndpoints xmi:id="NamedEndPoint_1183122129650" endPointName="WC_defaulthost_secure">
      <endPoint xmi:id="EndPoint_1183122129650" host="*" port="9445"/>
    </specialEndpoints>
    <specialEndpoints xmi:id="NamedEndPoint_1183122129651" endPointName="SIP_DEFAULTHOST">
      <endPoint xmi:id="EndPoint_1183122129651" host="*" port="5065"/>
    </specialEndpoints>
    <specialEndpoints xmi:id="NamedEndPoint_1183122129652" endPointName="SIP_DEFAULTHOST_SECURE">
      <endPoint xmi:id="EndPoint_1183122129652" host="*" port="5064"/>
    </specialEndpoints>
    <specialEndpoints xmi:id="NamedEndPoint_1183122129653" endPointName="SIB_ENDPOINT_ADDRESS">
      <endPoint xmi:id="EndPoint_1669747791415" host="*" port="7278"/>
    </specialEndpoints>
    <specialEndpoints xmi:id="NamedEndPoint_1183122129654" endPointName="SIB_ENDPOINT_SECURE_ADDRESS">
      <endPoint xmi:id="EndPoint_1669747791416" host="*" port="7288"/>
    </specialEndpoints>
    <specialEndpoints xmi:id="NamedEndPoint_1183122129655" endPointName="SIB_MQ_ENDPOINT_ADDRESS">
      <endPoint xmi:id="EndPoint_1669747791417" host="*" port="5560"/>
    </specialEndpoints>
    <specialEndpoints xmi:id="NamedEndPoint_1183122129656" endPointName="SIB_MQ_ENDPOINT_SECURE_ADDRESS">
      <endPoint xmi:id="EndPoint_1669747791419" host="*" port="5580"/>
    </specialEndpoints>
    <specialEndpoints xmi:id="NamedEndPoint_1183122129657" endPointName="IPC_CONNECTOR_ADDRESS">
      <endPoint xmi:id="EndPoint_1183122129657" host="${LOCALHOST_NAME}" port="9635"/>
    </specialEndpoints>
    <specialEndpoints xmi:id="NamedEndPoint_1183122129658" endPointName="OVERLAY_UDP_LISTENER_ADDRESS">
      <endPoint xmi:id="EndPoint_1183122129658" host="*" port="11007"/>
    </specialEndpoints>
    <specialEndpoints xmi:id="NamedEndPoint_1183122129659" endPointName="OVERLAY_TCP_LISTENER_ADDRESS">
      <endPoint xmi:id="EndPoint_1183122129659" host="*" port="11008"/>
    </specialEndpoints>
  </serverEntries>
</serverindex:ServerIndex>
